{"catboost": [0.6264651482912661, 0.003910629022843337, 1.2569688558578491, 0.12079036235809326], "lightgbm": [0.6314077949183343, 0.0024914404808225044, 3.312654137611389, 0.31440627574920654], "mlp": [0.6752400100231171, 0.0009013712406158447, 6.911267280578613, 1.6915349960327148], "gnn-gat-MLP": [0.5416696071624756, 0.0028293728828430176, 49.20010685920715, 0.8883986473083496], "gnn-gcn-MLP": [0.5879681408405304, 0.008995860815048218, 39.64865982532501, 0.24156725406646729], "gnn-agnn-MLP": [0.5534931421279907, 0.010876476764678955, 43.84066426753998, 2.7652827501296997], "gnn-appnp-MLP": [0.6810621023178101, 0.011424422264099121, 81.01355731487274, 0.7788718938827515], "gnn-gat": [0.5589606165885925, 0.007318317890167236, 44.459060072898865, 0.0456010103225708], "gnn-gcn": [0.6382173895835876, 0.009177446365356445, 35.23103582859039, 0.18012797832489014], "gnn-agnn": [0.5910305678844452, 0.0012147128582000732, 42.30172598361969, 0.2792779207229614], "gnn-appnp": [0.6946150660514832, 0.012079596519470215, 76.80747675895691, 0.6390047073364258], "resgnn-gat": [0.5032947063446045, 0.00109177827835083, 24.97318208217621, 0.213323712348938], "resgnn-gcn": [0.5923231542110443, 0.00660213828086853, 20.305976629257202, 0.003170013427734375], "resgnn-agnn": [0.5276705622673035, 0.002861917018890381, 23.830559015274048, 0.12765789031982422], "resgnn-appnp": [0.6720318496227264, 0.011773139238357544, 41.264771461486816, 0.1977827548980713], "bgnn-gat": [0.5096209794282913, 0.010303303599357605, 28.12543022632599, 0.23106324672698975], "bgnn-gcn": [0.5420454442501068, 0.005937367677688599, 55.06558048725128, 7.439716458320618], "bgnn-agnn": [0.5031687319278717, 0.00033029913902282715, 32.18277156352997, 11.392013192176819], "bgnn-appnp": [0.5973545014858246, 0.018256157636642456, 28.1478431224823, 6.373027801513672]}